{
  "designerVersion" : "1.7.69",
  "id" : "customFileUpload",
  "name" : "fileUpload",
  "lastUpdate" : 1548981678264,
  "template" : "<div ng-class=\"{\r\n    'form-horizontal': properties.labelPosition === 'left' && !properties.labelHidden,\r\n    'row': properties.labelPosition === 'top' && !properties.labelHidden || properties.labelHidden\r\n    }\">\r\n    <div class=\"form-group\">\r\n        <label\r\n            ng-if=\"!properties.labelHidden\"\r\n            ng-class=\"{ 'control-label--required': properties.required }\"\r\n            class=\"control-label col-xs-{{ !properties.labelHidden && properties.labelPosition === 'left' ? properties.labelWidth : 12 }}\">\r\n            {{ properties.label | uiTranslate }}\r\n        </label>\r\n        <div class=\"col-xs-{{ 12 - (!properties.labelHidden && properties.labelPosition === 'left' ? properties.labelWidth : 0) }}\">\r\n           \r\n                <div class=\"input-group\">\r\n                  \r\n\t\t\t\t\t<form action=\"{{ctrl.urlUpload}}\"\r\n\t\t\t\t\t\t ng-upload=\"ctrl.uploadComplete(content)\"\r\n\t\t\t\t\t\t ng-upload-loading=\"ctrl.startUploading()\"\r\n\t\t\t\t\t\t error-catcher=\"ctrl.uploadError(error)\"\r\n\t\t\t\t\t\t upload-options-enable-csrf\r\n\t\t\t\t\t\t upload-options-csrf-param=\"CSRFToken\">\r\n            \r\n\t\t\t\t\t\t<input type=\"text\" ng-focus=\"ctrl.preventFocus($event)\" placeholder=\"{{properties.placeholder | uiTranslate}}\" value=\"{{ctrl.filename}}\" \r\n\t\t\t\t\t\t\t\tclass=\"form-control\" \r\n\t\t\t\t\t\t\t\tng-show=\"ctrl.isFile === true\"/>\r\n\t\t\t\t\t\t\r\n\t\t\t\t\t  \r\n\t\t\t\t\t\t<!-- using a ng-if broke the file loading : so use a ng-show -->\r\n\t\t\t\t\t\t<input class=\"custom-file-upload-input\"\r\n\t\t\t\t\t\t\t\t ng-class=\"{'file-upload-input--disabled':$isUploading}\"\r\n\t\t\t\t\t\t\t\t name=\"{{ctrl.name}}\" type=\"file\"\r\n\t\t\t\t\t\t\t\t ng-required=\"properties.required\"\r\n\t\t\t\t\t\t\t\t ng-model=\"ctrl.filemodel\"\r\n\t\t\t\t\t\t\t\t ng-show=\"ctrl.isFile === true \"\r\n\t\t\t\t\t\t\t\t />\r\n\t\t\t\t\t</form>\r\n                    <!-- URL text -->\r\n                    <input type=\"text\" ng-readonly=\"properties.readOnly\" class=\"form-control\"\r\n                       placeholder=\"{{properties.placeholder | uiTranslate}}\" \r\n                       ng-model=\"ctrl.url\"\r\n\t\t\t\t\t   ng-if=\"ctrl.isFile === false\"\r\n                       />                             \r\n                             \r\n\t\t\t\t\t<div class=\"input-group-btn\" ng-class=\"{'btn-default disabled':$isUploading, 'btn-primary':!$isUploading}\" >\r\n\t\t\t\t<table>\r\n\t\t\t\t<tr><td>\r\n\t\t\t\t    <!-- show it if we are in URL mode -->\r\n\t\t\t\t\t<button uib-tooltip=\"Upload file\" tooltip-placement=\"top\" tooltip-popup-delay=\"300\" class=\"{{ctrl.getClassIsFile()}}\" \r\n\t\t\t\t\t\t\t\tng-click=\"ctrl.showUpload()\" \r\n\t\t\t\t\t\t\t\tng-if=\"! properties.readOnly\">\r\n                              <i class=\"glyphicon\" ng-class=\"{'glyphicon-cloud-upload':$isUploading, 'glyphicon-paperclip':!$isUploading}\" ></i>\r\n\t\t\t\t\t</button>\r\n\t\t\t\t\t\r\n\t\t\t\t</td><td>\r\n                    <a uib-tooltip=\"Download file\" tooltip-placement=\"top\" tooltip-popup-delay=\"300\" \r\n                         class=\"btn btn-primary\" \r\n                         ng-if=\"!ctrl.newFile && ctrl.isFile == true\" ng-href=\"{{ctrl.downloadUrl}}\">\r\n                        <i class=\"glyphicon glyphicon-download\"></i>\r\n                    </a>\r\n\t\t\t\t<!--</td><td>\r\n                    <button uib-tooltip=\"Edit current file\" tooltip-placement=\"top\" tooltip-popup-delay=\"300\" class=\"btn btn-primary\" \r\n                        ng-click=\"ctrl.edit()\" \r\n                        ng-if=\"!ctrl.newFile && !properties.readOnly\">\r\n                        <i class=\"glyphicon glyphicon-tag\"></i>\r\n                    </button>\r\n\t\t\t\t-->\r\n\t\t\t\t</td><td>\r\n                    <button uib-tooltip=\"Cancel edit\" tooltip-placement=\"top\" tooltip-popup-delay=\"300\" \r\n                            class=\"btn btn-primary\" \r\n                            ng-click=\"ctrl.cancelEdit()\" \r\n                            ng-if=\"ctrl.editMode\">\r\n                        <i class=\"glyphicon glyphicon-ban-circle\" ></i>\r\n                    </button>\r\n\t\t\t\t</td><td>\r\n\t\t\t\t\t<button uib-tooltip=\"Clear\" tooltip-placement=\"top\" tooltip-popup-delay=\"300\" \r\n\t\t\t\t\t\t\tclass=\"btn btn-primary\"\r\n\t\t\t\t\t\t\tng-click=\"ctrl.clear()\"\t\t\t\t\t\t\t\r\n\t\t\t\t\t\t\tng-if=\"ctrl.filemodel\"  >\r\n\t\t\t\t\t\t\t<i class=\"glyphicon glyphicon-remove-circle\"></i>\r\n\t\t\t\t\t\t\t<span class=\"hide\" translate>Close</span>\r\n\t\t\t\t\t</button>\r\n\t\t\t\t</td><td>\r\n                    <button uib-tooltip=\"Delete file\" tooltip-placement=\"top\" tooltip-popup-delay=\"300\" \r\n                        class=\"btn btn-primary\" \r\n                        ng-click=\"ctrl.deleteCurrentFile()\" \r\n                        ng-if=\"!ctrl.newFile && !properties.readOnly && ctrl.isFile == true\">\r\n                        <i class=\"glyphicon glyphicon-trash\" ></i>\r\n                    </button>\r\n\t\t\t\t</td><td>\r\n                    <button uib-tooltip=\"Give the url to the document\" tooltip-placement=\"top\" tooltip-popup-delay=\"300\" class=\"{{ctrl.getClassIsUrl()}}\"\r\n                        ng-click=\"ctrl.showUrlDoc()\" \r\n                        ng-if=\"! properties.readOnly\">\r\n                        <i class=\"glyphicon glyphicon-globe\" ></i>\r\n                    </button>\r\n\t\t\t\t</td><td>\r\n\t\t\t\t</tr></table>\r\n                </div> <!-- end div disabled -->\r\n                 \r\n                </div>\r\n        </div> <!-- end div class 12 -->\r\n\r\n\r\n        <div ng-messages=\"$form[ctrl.name].$dirty && $form[ctrl.name].$error \" ng-messages-include=\"forms-generic-errors.html\" role=\"alert\"></div>\r\n        \r\n    </div> <!-- end div class=\"group\"-->\r\n</div>",
  "controller" : "function CustomFileUploadCtrl($scope, $sce, $element, $timeout, $log, widgetNameFactory) {\r\n  var ctrl = this;\r\n  this.name = widgetNameFactory.getName(\"fileUpload\");\r\n//  this.name = \"fileUpload\";\r\n  this.filename = '';\r\n  this.filemodel = '';\r\n  this.editMode = false;\r\n  this.existingFile = false;\r\n\r\n  \r\n\r\n\r\n  this.downloadUrl = '';\r\n  this.newFile=true;\r\n  this.isFile=true;\r\n\r\n\r\n\r\n  var input = $element.find('input');\r\n  var form = $element.find('form');\r\n\r\n  this.preventFocus = function($event) {\r\n    $event.target.blur();\r\n  };\r\n\r\n  input.on('change', forceSubmit);\r\n  $scope.$on('$destroy', function() {\r\n    input.off('change', forceSubmit);\r\n  });\r\n\r\n  $scope.$watch('properties.url', function(newUrl, oldUrl){\r\n    ctrl.urlUpload = $sce.trustAsResourceUrl(newUrl);\r\n    if (newUrl === undefined) {\r\n      $log.warn('you need to define a url for pbUpload');\r\n    }\r\n  });\r\n\r\n  $scope.$watch('properties.currentFile', function(newCurrentFile, oldCurrentFile){\r\n    if (angular.isObject(newCurrentFile) && newCurrentFile.fileName) {\r\n      ctrl.downloadUrl = \"/bonita/portal/\" + newCurrentFile.url;\r\n      ctrl.filename = newCurrentFile.fileName;\r\n      ctrl.newFile = false;\r\n    }\r\n  });\r\n\r\n  $scope.$watch('properties.deleteFile', function(newDeleteFile){\r\n    if (!newDeleteFile) {\r\n      $scope.properties.deleteFile = false;\r\n    }\r\n  });\r\n\r\n  $scope.$watch('properties.newFile', function(newFile){\r\n    if (!newFile) {\r\n      $scope.properties.newFile = null;\r\n    }\r\n  });\r\n\r\n  //the filename displayed is not bound to the value as a bidirectionnal\r\n  //bond, thus, in case the value is updated, it is not reflected\r\n  //to the filename (example with the BS-14498)\r\n  //we watch the value to update the filename and the upload widget state\r\n  $scope.$watch(function(){return $scope.properties.newFile;}, function(newValue){\r\n    if (newValue && newValue.filename) {\r\n      ctrl.filemodel = true;\r\n      ctrl.filename = newValue.filename;\r\n    } else if (!angular.isDefined(newValue)) {\r\n      delete ctrl.filemodel;\r\n      delete ctrl.filename;\r\n    }\r\n  });\r\n\r\n\r\n  if (!$scope.properties.isBound('newFile')) {\r\n    $log.error('the pbUpload property named \"newFile\" need to be bound to a variable');\r\n  } \r\n\r\n  if ($scope.properties.isBound('existingFile') && angular.isObject($scope.properties.existingFile)) {\r\n      this.editMode = false;\r\n      this.existingFile = true;\r\n  } \r\n\r\n  this.clear = function () {\r\n    ctrl.filename = '';\r\n    ctrl.filemodel = '';\r\n    ctrl.newFile=true;\r\n    ctrl.isFile=true;\r\n\r\n    $scope.properties.newFile = null;\r\n  }\r\n\r\n  this.deleteCurrentFile = function() {\r\n    ctrl.newFile=true;\r\n    ctrl.filename = '';\r\n    ctrl.filemodel = '';\r\n    $scope.properties.currentFile = null;\r\n    $scope.properties.deleteFile = true;\r\n  }\r\n\r\n  this.edit = function() {\r\n    console.log(\"FileUploadWidget: edit\");\r\n    ctrl.newFile=true;\r\n    ctrl.editMode=true;\r\n    input.required = true;\r\n    ctrl.filemodel = '';\r\n    ctrl.isFile = true;\r\n\r\n  }\r\n\r\nthis.showUrlDoc = function () {\r\n\tconsole.log(\"FileUploadWidget: showUrl\");\r\n    ctrl.isFile = false;\r\n\t$scope.properties.deleteFile=false;\r\n  }\r\n  \r\n  this.showUpload = function() {\r\n\tconsole.log(\"FileUploadWidget: showUpload\");\r\n    ctrl.isFile = true;\r\n    ctrl.filename = $scope.properties.currentFile.fileName\r\n  }\r\n  this.cancelEdit = function() {\r\n    ctrl.newFile=false;\r\n    ctrl.editMode=false;\r\n    ctrl.filemodel = '';\r\n    $scope.properties.newFile = null;\r\n    ctrl.filename = $scope.properties.currentFile.fileName;\r\n  }\r\n\r\n  this.uploadError = function (error) {\r\n    $log.warn('upload fails too', error);\r\n    ctrl.filemodel = '';\r\n    ctrl.filename = \"Upload failed\";\r\n  }\r\n\r\n  this.startUploading = function() {\r\n    console.log(\"FileUploadWidget: startUploading\");\r\n    ctrl.filemodel = '';\r\n    ctrl.filename  = 'Uploading...';\r\n  }\r\n\r\n  this.uploadComplete = function(response) {\r\n    console.log(\"FileUploadWidget: uploadComplete response=\"+angular.toJson(response));\r\n  \r\n    //when the upload widget return a String, it means an error has occurred (with a html document as a response)\r\n    //if it's not a string, we test if it contains some error message\r\n    if(angular.isString(response) || (response && response.type && response.message)){\r\n      $log.warn('upload fails');\r\n      ctrl.filemodel = '';\r\n      ctrl.filename = 'Upload failed';\r\n      $scope.properties.errorContent = angular.isString(response) ? response : response.message;\r\n      return;\r\n    }\r\n    $scope.properties.deleteFile = false;\r\n\r\n    $scope.properties.newFile = response;\r\n    \r\n  }\r\n  \r\n  this.getClassIsFile = function () {\r\n\tif (ctrl.isFile)\r\n\t\treturn \"btn btn-success\";\r\n\telse\r\n\t\treturn \"btn btn-primary\";\r\n  }\r\n  this.getClassIsUrl = function () {\r\n\tif (ctrl.isFile)\r\n\t\treturn \"btn btn-primary\";\r\n\telse\r\n\t\treturn \"btn btn-success\";\r\n  }\r\n  \r\n\r\n  function forceSubmit(event) {\r\n    if(!event.target.value) {\r\n      return;\r\n    }\r\n\r\n    form.triggerHandler('submit');\r\n    form[0].submit();\r\n    event.target.value = null;\r\n  }\r\n}\r\n",
  "description" : "File chooser for uploading a document to a form",
  "custom" : true,
  "properties" : [ {
    "label" : "Required",
    "name" : "required",
    "help" : "In the context of a form container, use $form.$invalid as a Boolean to check form validity in a widget property",
    "type" : "boolean",
    "defaultValue" : false,
    "bond" : "expression"
  }, {
    "label" : "Read only",
    "name" : "readOnly",
    "help" : "The current file can not be modified",
    "type" : "boolean",
    "defaultValue" : false,
    "bond" : "expression"
  }, {
    "label" : "Label hidden",
    "name" : "labelHidden",
    "type" : "boolean",
    "defaultValue" : false,
    "bond" : "expression"
  }, {
    "label" : "Label",
    "name" : "label",
    "showFor" : "properties.labelHidden.value === false",
    "type" : "text",
    "defaultValue" : "Default label",
    "bond" : "interpolation"
  }, {
    "label" : "Label position",
    "name" : "labelPosition",
    "showFor" : "properties.labelHidden.value === false",
    "type" : "choice",
    "defaultValue" : "top",
    "choiceValues" : [ "left", "top" ],
    "bond" : "constant"
  }, {
    "label" : "Label width",
    "name" : "labelWidth",
    "showFor" : "properties.labelHidden.value === false",
    "type" : "integer",
    "defaultValue" : 4,
    "bond" : "constant",
    "constraints" : {
      "min" : "1",
      "max" : "12"
    }
  }, {
    "label" : "Placeholder",
    "name" : "placeholder",
    "help" : "Short hint that describes the expected value",
    "type" : "text",
    "bond" : "interpolation"
  }, {
    "label" : "URL Upload",
    "name" : "urlUpload",
    "help" : "Defines endpoint URL where the file will be uploaded",
    "type" : "text",
    "defaultValue" : "../API/formFileUpload",
    "bond" : "expression"
  }, {
    "label" : "New File",
    "name" : "newFile",
    "caption" : "Any variable: <i>myData</i> or <i>myData.attribute</i>",
    "help" : "Holds the response from the upload endpoint. That value can be used to fulfill a contract",
    "type" : "text",
    "bond" : "variable"
  }, {
    "label" : "Existing file",
    "name" : "currentFile",
    "caption" : "Any variable: <i>myData</i> or <i>myData.attribute</i>",
    "help" : "Display a download link for the current document. Will be empty if a new file is uploaded or the current file is removed.",
    "type" : "text",
    "bond" : "variable"
  }, {
    "label" : "File deleted",
    "name" : "deleteFile",
    "caption" : "Any boolean variable: <i>myData</i> or <i>myData.attribute</i>",
    "help" : "Holds the boolean value from the widget indicates whether or not the file has been deleted by the user.",
    "type" : "boolean",
    "bond" : "variable"
  }, {
    "label" : "Error on upload holder",
    "name" : "errorContent",
    "help" : "Holds the response content from the upload error endpoint. That value can be used to guidance purpose",
    "type" : "text",
    "bond" : "variable"
  } ],
  "assets" : [ {
    "name" : "ng-upload-0.5.19-patched.min.js",
    "type" : "js",
    "order" : 1,
    "external" : false
  }, {
    "name" : "ui-bootstrap-tpls-2.5.0.min.js",
    "type" : "js",
    "order" : 1,
    "external" : false
  }, {
    "name" : "style.css",
    "type" : "css",
    "order" : 1,
    "external" : false
  } ],
  "requiredModules" : [ "ui.bootstrap", "ngUpload" ],
  "type" : "widget",
  "hasHelp" : false
}